"","Cell","Batch","Group","ExpLibSize"
"Cell1","Cell1","Batch1","Group2",50537.9950913754
"Cell2","Cell2","Batch1","Group1",61061.2285153573
"Cell3","Cell3","Batch1","Group2",51916.710910624
"Cell4","Cell4","Batch1","Group2",63442.414204091
"Cell5","Cell5","Batch1","Group2",65526.4443584049
"Cell6","Cell6","Batch1","Group2",74011.4010934607
"Cell7","Cell7","Batch1","Group1",66408.1900618198
"Cell8","Cell8","Batch1","Group2",56355.5042199861
"Cell9","Cell9","Batch1","Group2",55688.0281799689
"Cell10","Cell10","Batch1","Group2",59873.8013818458
"Cell11","Cell11","Batch1","Group2",47133.3067092277
"Cell12","Cell12","Batch1","Group2",51944.1707608097
"Cell13","Cell13","Batch1","Group2",68825.2899447886
"Cell14","Cell14","Batch1","Group2",50330.9756407887
"Cell15","Cell15","Batch1","Group2",61407.8689447068
"Cell16","Cell16","Batch1","Group2",62849.8466624937
"Cell17","Cell17","Batch1","Group2",58407.5328542432
"Cell18","Cell18","Batch1","Group2",81283.7278656048
"Cell19","Cell19","Batch1","Group2",76358.3133771781
"Cell20","Cell20","Batch1","Group2",68943.1728828817
"Cell21","Cell21","Batch1","Group2",68448.295255332
"Cell22","Cell22","Batch1","Group2",63677.0047245853
"Cell23","Cell23","Batch1","Group1",52755.1649688703
"Cell24","Cell24","Batch1","Group1",66071.4606459638
"Cell25","Cell25","Batch1","Group2",56945.0180945788
"Cell26","Cell26","Batch1","Group1",91643.5303623204
"Cell27","Cell27","Batch1","Group2",57768.3759339031
"Cell28","Cell28","Batch1","Group1",59774.6255059457
"Cell29","Cell29","Batch1","Group1",65974.7611031462
"Cell30","Cell30","Batch1","Group2",47838.1125437561
"Cell31","Cell31","Batch1","Group1",49409.7333671277
"Cell32","Cell32","Batch1","Group2",78363.061382073
"Cell33","Cell33","Batch1","Group1",65707.6205329215
"Cell34","Cell34","Batch1","Group2",73486.732826793
"Cell35","Cell35","Batch1","Group2",47607.1183920536
"Cell36","Cell36","Batch1","Group1",76422.043528692
"Cell37","Cell37","Batch1","Group1",48095.9540264921
"Cell38","Cell38","Batch1","Group1",53237.2224816915
"Cell39","Cell39","Batch1","Group2",70641.6952746956
"Cell40","Cell40","Batch1","Group2",48530.3427345224
"Cell41","Cell41","Batch1","Group2",55527.5980619516
"Cell42","Cell42","Batch1","Group1",68527.5257232779
"Cell43","Cell43","Batch1","Group1",57534.3346210277
"Cell44","Cell44","Batch1","Group1",48411.9369540259
"Cell45","Cell45","Batch1","Group2",47846.484008268
"Cell46","Cell46","Batch1","Group2",62196.9282089927
"Cell47","Cell47","Batch1","Group2",44573.2803238081
"Cell48","Cell48","Batch1","Group1",43679.7079501223
"Cell49","Cell49","Batch1","Group2",74217.8370788131
"Cell50","Cell50","Batch1","Group1",54593.1852796805
"Cell51","Cell51","Batch1","Group2",75372.5574052466
"Cell52","Cell52","Batch1","Group2",71357.461407989
"Cell53","Cell53","Batch1","Group2",44097.1795990987
"Cell54","Cell54","Batch1","Group2",42463.3649206184
"Cell55","Cell55","Batch1","Group1",54732.8812440868
"Cell56","Cell56","Batch1","Group1",60634.8104957228
"Cell57","Cell57","Batch1","Group2",54976.2664859215
"Cell58","Cell58","Batch1","Group2",49211.7714992311
"Cell59","Cell59","Batch1","Group1",40557.2861092089
"Cell60","Cell60","Batch1","Group2",52219.795245948
"Cell61","Cell61","Batch1","Group2",59423.3702992752
"Cell62","Cell62","Batch1","Group1",45176.8933312511
"Cell63","Cell63","Batch1","Group1",66743.2800843427
"Cell64","Cell64","Batch1","Group2",62850.4391574222
"Cell65","Cell65","Batch1","Group2",88199.5871094066
"Cell66","Cell66","Batch1","Group2",76389.8013997308
"Cell67","Cell67","Batch1","Group2",63625.5255946681
"Cell68","Cell68","Batch1","Group2",86115.3050416092
"Cell69","Cell69","Batch1","Group1",58095.8576138219
"Cell70","Cell70","Batch1","Group1",63399.3206813853
"Cell71","Cell71","Batch1","Group2",61848.0386719963
"Cell72","Cell72","Batch1","Group1",58855.0174878122
"Cell73","Cell73","Batch1","Group2",69865.4069799957
"Cell74","Cell74","Batch1","Group2",69456.1196924347
"Cell75","Cell75","Batch1","Group2",46556.9357488666
"Cell76","Cell76","Batch1","Group2",45950.8231063259
"Cell77","Cell77","Batch1","Group2",52420.4233059693
"Cell78","Cell78","Batch1","Group2",48348.8987752785
"Cell79","Cell79","Batch1","Group1",56731.5006586616
"Cell80","Cell80","Batch1","Group2",48228.6163851678
"Cell81","Cell81","Batch1","Group2",55578.3752700721
"Cell82","Cell82","Batch1","Group2",49339.1523361265
"Cell83","Cell83","Batch1","Group1",40339.8357881112
"Cell84","Cell84","Batch1","Group2",65284.7158631346
"Cell85","Cell85","Batch1","Group2",61291.7915623988
"Cell86","Cell86","Batch1","Group2",59606.2456034465
"Cell87","Cell87","Batch1","Group2",56756.6990297737
"Cell88","Cell88","Batch1","Group1",62334.3076676501
"Cell89","Cell89","Batch1","Group2",56176.252174873
"Cell90","Cell90","Batch1","Group2",69364.8361353324
"Cell91","Cell91","Batch1","Group2",62872.2684580499
"Cell92","Cell92","Batch1","Group2",53909.9991227362
"Cell93","Cell93","Batch1","Group1",68238.0382090563
"Cell94","Cell94","Batch1","Group1",71095.5127823488
"Cell95","Cell95","Batch1","Group2",63605.4562937208
"Cell96","Cell96","Batch1","Group2",55645.67436248
"Cell97","Cell97","Batch1","Group2",63959.2633872392
"Cell98","Cell98","Batch1","Group2",47047.2085490821
"Cell99","Cell99","Batch1","Group2",86287.4045791677
"Cell100","Cell100","Batch1","Group2",83420.3257783497
"Cell101","Cell101","Batch1","Group1",54693.9715003876
"Cell102","Cell102","Batch1","Group2",57452.5449041528
"Cell103","Cell103","Batch1","Group2",67609.3750314876
"Cell104","Cell104","Batch1","Group2",60814.6291064836
"Cell105","Cell105","Batch1","Group2",34421.8737017946
"Cell106","Cell106","Batch1","Group2",62998.5625981084
"Cell107","Cell107","Batch1","Group1",56158.5239195257
"Cell108","Cell108","Batch1","Group1",66444.7002166262
"Cell109","Cell109","Batch1","Group2",36398.1558481777
"Cell110","Cell110","Batch1","Group2",73546.1046432331
"Cell111","Cell111","Batch1","Group1",60499.4279581055
"Cell112","Cell112","Batch1","Group2",71593.8623211135
"Cell113","Cell113","Batch1","Group2",77236.3273366739
"Cell114","Cell114","Batch1","Group2",60027.5895596939
"Cell115","Cell115","Batch1","Group2",52347.7172763277
"Cell116","Cell116","Batch1","Group1",53600.7230611006
"Cell117","Cell117","Batch1","Group1",53895.5425914459
"Cell118","Cell118","Batch1","Group2",49022.3108299151
"Cell119","Cell119","Batch1","Group1",69915.6589320881
"Cell120","Cell120","Batch1","Group2",48113.2335827526
"Cell121","Cell121","Batch1","Group2",54452.2746024613
"Cell122","Cell122","Batch1","Group2",69743.4798510003
"Cell123","Cell123","Batch1","Group2",49598.6605992277
"Cell124","Cell124","Batch1","Group2",71046.180721324
"Cell125","Cell125","Batch1","Group1",56034.9126728924
"Cell126","Cell126","Batch1","Group2",57188.4025147351
"Cell127","Cell127","Batch1","Group2",57124.6362144552
"Cell128","Cell128","Batch1","Group2",50423.6701165518
"Cell129","Cell129","Batch1","Group2",67985.7164391443
"Cell130","Cell130","Batch1","Group2",53194.7298304028
"Cell131","Cell131","Batch1","Group2",58253.2655706479
"Cell132","Cell132","Batch1","Group2",65638.3187987712
"Cell133","Cell133","Batch1","Group2",63053.779943696
"Cell134","Cell134","Batch1","Group2",59707.9746957467
"Cell135","Cell135","Batch1","Group2",55450.0161033022
"Cell136","Cell136","Batch1","Group2",54211.5008583633
"Cell137","Cell137","Batch1","Group2",70779.0580064929
"Cell138","Cell138","Batch1","Group2",71394.9014996434
"Cell139","Cell139","Batch1","Group2",65449.3768746079
"Cell140","Cell140","Batch1","Group1",59382.7287823756
"Cell141","Cell141","Batch1","Group1",41507.4330862827
"Cell142","Cell142","Batch1","Group2",78874.2316624135
"Cell143","Cell143","Batch1","Group2",95856.2147894775
"Cell144","Cell144","Batch1","Group2",52456.2830259686
"Cell145","Cell145","Batch1","Group2",53506.6210632257
"Cell146","Cell146","Batch1","Group2",55194.226017041
"Cell147","Cell147","Batch1","Group2",66127.4550771496
"Cell148","Cell148","Batch1","Group2",73376.5469186844
"Cell149","Cell149","Batch1","Group2",40414.7217856441
"Cell150","Cell150","Batch1","Group2",79747.5035463949
"Cell151","Cell151","Batch1","Group1",59784.6305843926
"Cell152","Cell152","Batch1","Group1",62357.4023067333
"Cell153","Cell153","Batch1","Group2",83634.1883736879
"Cell154","Cell154","Batch1","Group2",55259.9748676603
"Cell155","Cell155","Batch1","Group1",54656.826802933
"Cell156","Cell156","Batch1","Group1",49863.7840623901
"Cell157","Cell157","Batch1","Group2",59380.4811841206
"Cell158","Cell158","Batch1","Group2",60242.0270837795
"Cell159","Cell159","Batch1","Group2",71951.6245642121
"Cell160","Cell160","Batch1","Group1",43269.8504900659
"Cell161","Cell161","Batch1","Group2",59863.5113968071
"Cell162","Cell162","Batch1","Group2",55612.9375300768
"Cell163","Cell163","Batch1","Group1",71632.5536262057
"Cell164","Cell164","Batch1","Group2",68328.9846632686
"Cell165","Cell165","Batch1","Group2",74863.0708790291
"Cell166","Cell166","Batch1","Group1",76395.6858144553
"Cell167","Cell167","Batch1","Group2",66167.8408135359
"Cell168","Cell168","Batch1","Group2",79975.007058721
"Cell169","Cell169","Batch1","Group1",35299.9229599436
"Cell170","Cell170","Batch1","Group2",73425.2909570928
"Cell171","Cell171","Batch1","Group1",61056.5193135941
"Cell172","Cell172","Batch1","Group2",52416.3649685497
"Cell173","Cell173","Batch1","Group2",42348.9663232775
"Cell174","Cell174","Batch1","Group1",59221.514155469
"Cell175","Cell175","Batch1","Group1",78268.7859078737
"Cell176","Cell176","Batch1","Group2",38798.0269137169
"Cell177","Cell177","Batch1","Group2",64256.9162983211
"Cell178","Cell178","Batch1","Group2",63794.6201023154
"Cell179","Cell179","Batch1","Group1",57896.7192218808
"Cell180","Cell180","Batch1","Group1",43940.4257141204
"Cell181","Cell181","Batch1","Group2",58501.8681175285
"Cell182","Cell182","Batch1","Group2",42982.7445517719
"Cell183","Cell183","Batch1","Group1",59984.148333677
"Cell184","Cell184","Batch1","Group2",60606.7741860292
"Cell185","Cell185","Batch1","Group2",70489.64319101
"Cell186","Cell186","Batch1","Group2",77568.7013799606
"Cell187","Cell187","Batch1","Group2",53856.3738819472
"Cell188","Cell188","Batch1","Group2",53092.1082269478
"Cell189","Cell189","Batch1","Group2",71993.0614814524
"Cell190","Cell190","Batch1","Group2",47184.2259214309
"Cell191","Cell191","Batch1","Group2",67208.200969614
"Cell192","Cell192","Batch1","Group1",43900.3990198132
"Cell193","Cell193","Batch1","Group1",55999.5517817883
"Cell194","Cell194","Batch1","Group1",60957.6996429672
"Cell195","Cell195","Batch1","Group2",62060.9978767889
"Cell196","Cell196","Batch1","Group2",55216.1222292439
"Cell197","Cell197","Batch1","Group2",48040.8045883638
"Cell198","Cell198","Batch1","Group1",75544.3416345625
"Cell199","Cell199","Batch1","Group2",56048.4208947243
"Cell200","Cell200","Batch1","Group2",56348.4479861859
"Cell201","Cell201","Batch1","Group2",53413.0872303746
"Cell202","Cell202","Batch1","Group1",55016.1532723755
"Cell203","Cell203","Batch1","Group2",55118.9610962536
"Cell204","Cell204","Batch1","Group2",63559.9821470109
"Cell205","Cell205","Batch1","Group2",59189.4334599643
"Cell206","Cell206","Batch1","Group1",63912.0029295241
"Cell207","Cell207","Batch1","Group1",58140.2366506101
"Cell208","Cell208","Batch1","Group2",56447.3668799471
"Cell209","Cell209","Batch1","Group1",60352.6946679242
"Cell210","Cell210","Batch1","Group2",69723.6785309631
"Cell211","Cell211","Batch1","Group1",70169.0833821841
"Cell212","Cell212","Batch1","Group2",58137.7260985047
"Cell213","Cell213","Batch1","Group2",39632.7990934416
"Cell214","Cell214","Batch1","Group2",57563.4129699772
"Cell215","Cell215","Batch1","Group1",73545.1678182677
"Cell216","Cell216","Batch1","Group1",57360.591789872
"Cell217","Cell217","Batch1","Group2",80625.3801510631
"Cell218","Cell218","Batch1","Group2",53181.0251413639
"Cell219","Cell219","Batch1","Group2",64236.0453199285
"Cell220","Cell220","Batch1","Group2",57272.7479470922
"Cell221","Cell221","Batch1","Group2",62526.6868708899
"Cell222","Cell222","Batch1","Group2",57210.0829453839
"Cell223","Cell223","Batch1","Group2",70095.9669828359
"Cell224","Cell224","Batch1","Group2",54498.0256772757
"Cell225","Cell225","Batch1","Group2",76428.4820604403
"Cell226","Cell226","Batch1","Group1",56635.3541212466
"Cell227","Cell227","Batch1","Group2",47765.9263331228
"Cell228","Cell228","Batch1","Group2",63291.0765285012
"Cell229","Cell229","Batch1","Group1",55881.7599348509
"Cell230","Cell230","Batch1","Group1",58643.524744537
"Cell231","Cell231","Batch1","Group2",64619.060087392
"Cell232","Cell232","Batch1","Group1",63673.9251763006
"Cell233","Cell233","Batch1","Group2",56244.9382037602
"Cell234","Cell234","Batch1","Group1",61144.9777118149
"Cell235","Cell235","Batch1","Group1",60122.8145008118
"Cell236","Cell236","Batch1","Group2",65538.4582705132
"Cell237","Cell237","Batch1","Group2",69164.2084816357
"Cell238","Cell238","Batch1","Group2",52487.0411531747
"Cell239","Cell239","Batch1","Group2",52764.7839058835
"Cell240","Cell240","Batch1","Group1",54843.5796046897
"Cell241","Cell241","Batch1","Group2",54471.7020614747
"Cell242","Cell242","Batch1","Group1",52640.0871845878
"Cell243","Cell243","Batch1","Group2",63820.7615414777
"Cell244","Cell244","Batch1","Group2",54636.8901426952
"Cell245","Cell245","Batch1","Group2",70027.2654914883
"Cell246","Cell246","Batch1","Group1",74807.1340798102
"Cell247","Cell247","Batch1","Group2",68063.9744657682
"Cell248","Cell248","Batch1","Group1",41658.2196728935
"Cell249","Cell249","Batch1","Group1",44564.199991402
"Cell250","Cell250","Batch1","Group1",56706.5889469933
"Cell251","Cell251","Batch1","Group2",70538.5512199144
"Cell252","Cell252","Batch1","Group2",56430.6888326876
"Cell253","Cell253","Batch1","Group2",90810.6582050982
"Cell254","Cell254","Batch1","Group2",95892.8194479785
"Cell255","Cell255","Batch1","Group2",63895.8721824317
"Cell256","Cell256","Batch1","Group2",82285.5517298221
"Cell257","Cell257","Batch1","Group2",41982.5366094779
"Cell258","Cell258","Batch1","Group2",37385.9613656371
"Cell259","Cell259","Batch1","Group2",62095.6990902996
"Cell260","Cell260","Batch1","Group2",48090.4841296992
"Cell261","Cell261","Batch1","Group1",66083.0016107725
"Cell262","Cell262","Batch1","Group1",87204.4511231474
"Cell263","Cell263","Batch1","Group2",60549.3763502998
"Cell264","Cell264","Batch1","Group2",36202.7465055177
"Cell265","Cell265","Batch1","Group2",50136.1153559
"Cell266","Cell266","Batch1","Group2",61578.5640244241
"Cell267","Cell267","Batch1","Group2",78003.9585513083
"Cell268","Cell268","Batch1","Group2",55487.5392214619
"Cell269","Cell269","Batch1","Group1",89550.304483343
"Cell270","Cell270","Batch1","Group2",69796.5073239103
"Cell271","Cell271","Batch1","Group1",68530.0452714171
"Cell272","Cell272","Batch1","Group1",77675.4893648219
"Cell273","Cell273","Batch1","Group1",53329.6175128558
"Cell274","Cell274","Batch1","Group2",63604.7959682298
"Cell275","Cell275","Batch1","Group2",73718.6538154524
"Cell276","Cell276","Batch1","Group2",67829.3391329464
"Cell277","Cell277","Batch1","Group1",42199.7429657993
"Cell278","Cell278","Batch1","Group2",48996.5026937137
"Cell279","Cell279","Batch1","Group2",73277.0778371403
"Cell280","Cell280","Batch1","Group1",62515.7083049845
"Cell281","Cell281","Batch1","Group1",66768.9317667478
"Cell282","Cell282","Batch1","Group1",59180.2707488552
"Cell283","Cell283","Batch1","Group1",45623.6126992262
"Cell284","Cell284","Batch1","Group2",53367.6972887478
"Cell285","Cell285","Batch1","Group2",52196.333177721
"Cell286","Cell286","Batch1","Group2",83189.1442710166
"Cell287","Cell287","Batch1","Group2",65525.6685870996
"Cell288","Cell288","Batch1","Group2",48390.5130005152
"Cell289","Cell289","Batch1","Group2",55262.9975350023
"Cell290","Cell290","Batch1","Group2",51616.2856478869
"Cell291","Cell291","Batch1","Group2",51396.2998370968
"Cell292","Cell292","Batch1","Group2",61914.4818336035
"Cell293","Cell293","Batch1","Group2",61467.340575642
"Cell294","Cell294","Batch1","Group1",58029.6070028043
"Cell295","Cell295","Batch1","Group2",51167.5843773153
"Cell296","Cell296","Batch1","Group2",47883.0353696127
"Cell297","Cell297","Batch1","Group1",66010.7145968241
"Cell298","Cell298","Batch1","Group2",43016.029040252
"Cell299","Cell299","Batch1","Group2",51138.7534763291
"Cell300","Cell300","Batch1","Group2",50124.9296164644
"Cell301","Cell301","Batch1","Group2",47838.504415576
"Cell302","Cell302","Batch1","Group2",57910.9451819196
"Cell303","Cell303","Batch1","Group1",56547.0199105759
"Cell304","Cell304","Batch1","Group2",40469.7454359623
"Cell305","Cell305","Batch1","Group2",54462.9014283545
"Cell306","Cell306","Batch1","Group2",64081.480344437
"Cell307","Cell307","Batch1","Group2",67367.9672827923
"Cell308","Cell308","Batch1","Group2",50906.0276585392
"Cell309","Cell309","Batch1","Group2",52627.4621965154
"Cell310","Cell310","Batch1","Group1",42420.5794097245
"Cell311","Cell311","Batch1","Group1",80354.8545594716
"Cell312","Cell312","Batch1","Group1",71164.3119552284
"Cell313","Cell313","Batch1","Group1",61682.8803959584
"Cell314","Cell314","Batch1","Group2",51425.0723641442
"Cell315","Cell315","Batch1","Group1",40668.6102767292
"Cell316","Cell316","Batch1","Group2",100707.371578729
"Cell317","Cell317","Batch1","Group2",63522.6347725914
"Cell318","Cell318","Batch1","Group2",57633.3682752549
"Cell319","Cell319","Batch1","Group1",53748.5942270465
"Cell320","Cell320","Batch1","Group2",59599.6807302989
"Cell321","Cell321","Batch1","Group1",67277.7325773448
"Cell322","Cell322","Batch1","Group1",62284.6091625911
"Cell323","Cell323","Batch1","Group2",47764.5991795931
"Cell324","Cell324","Batch1","Group2",102746.467519517
"Cell325","Cell325","Batch1","Group2",66758.0083359129
"Cell326","Cell326","Batch1","Group2",63602.393896325
"Cell327","Cell327","Batch1","Group1",71698.3886768381
"Cell328","Cell328","Batch1","Group1",54773.8130311853
"Cell329","Cell329","Batch1","Group1",61211.5171009513
"Cell330","Cell330","Batch1","Group2",65408.3827697828
"Cell331","Cell331","Batch1","Group2",45162.7041998758
"Cell332","Cell332","Batch1","Group1",47746.0319243857
"Cell333","Cell333","Batch1","Group2",67498.0373078353
"Cell334","Cell334","Batch1","Group2",43846.6320743924
"Cell335","Cell335","Batch1","Group2",67970.9705842372
"Cell336","Cell336","Batch1","Group2",59770.6388039348
"Cell337","Cell337","Batch1","Group2",57931.2704707796
"Cell338","Cell338","Batch1","Group2",76318.5675957726
"Cell339","Cell339","Batch1","Group2",47519.0883186152
"Cell340","Cell340","Batch1","Group2",58219.2111128106
"Cell341","Cell341","Batch1","Group1",48538.4184371492
"Cell342","Cell342","Batch1","Group1",73168.8267235325
"Cell343","Cell343","Batch1","Group2",59430.7711965382
"Cell344","Cell344","Batch1","Group2",54339.9880241283
"Cell345","Cell345","Batch1","Group1",57025.2890488313
"Cell346","Cell346","Batch1","Group2",60296.220884614
"Cell347","Cell347","Batch1","Group1",60377.990657468
"Cell348","Cell348","Batch1","Group2",44986.716657507
"Cell349","Cell349","Batch1","Group2",53824.1461545298
"Cell350","Cell350","Batch1","Group2",51320.9895097509
"Cell351","Cell351","Batch1","Group2",71993.8774951226
"Cell352","Cell352","Batch1","Group2",55537.4276286651
"Cell353","Cell353","Batch1","Group2",61190.0965500682
"Cell354","Cell354","Batch1","Group2",55512.7421869539
"Cell355","Cell355","Batch1","Group2",63777.6523636615
"Cell356","Cell356","Batch1","Group2",49503.2932809514
"Cell357","Cell357","Batch1","Group2",79793.9535921455
"Cell358","Cell358","Batch1","Group1",80159.288921166
"Cell359","Cell359","Batch1","Group2",49979.0794647969
"Cell360","Cell360","Batch1","Group2",50628.6569614934
"Cell361","Cell361","Batch1","Group1",65059.3611268476
"Cell362","Cell362","Batch1","Group2",89303.138427794
"Cell363","Cell363","Batch1","Group2",66742.612169363
"Cell364","Cell364","Batch1","Group1",67972.0735612495
"Cell365","Cell365","Batch1","Group2",48275.5485491444
"Cell366","Cell366","Batch1","Group1",66051.0655854806
"Cell367","Cell367","Batch1","Group2",79762.7180773808
"Cell368","Cell368","Batch1","Group2",53723.4786865813
"Cell369","Cell369","Batch1","Group2",71102.6741668151
"Cell370","Cell370","Batch1","Group2",73509.3583725957
"Cell371","Cell371","Batch1","Group2",53530.1496418605
"Cell372","Cell372","Batch1","Group1",71883.6620740534
"Cell373","Cell373","Batch1","Group1",49699.1394365809
"Cell374","Cell374","Batch1","Group2",57713.3098652029
"Cell375","Cell375","Batch1","Group2",59929.3575957019
"Cell376","Cell376","Batch1","Group1",69696.4195054567
"Cell377","Cell377","Batch1","Group2",49850.1430364188
"Cell378","Cell378","Batch1","Group1",52873.4753049114
"Cell379","Cell379","Batch1","Group2",90575.4491755777
"Cell380","Cell380","Batch1","Group1",50330.6475647761
"Cell381","Cell381","Batch1","Group1",53862.6604016632
"Cell382","Cell382","Batch1","Group1",47262.2488162029
"Cell383","Cell383","Batch1","Group2",53713.9444823392
"Cell384","Cell384","Batch1","Group2",80151.8602053346
"Cell385","Cell385","Batch1","Group2",60749.2455426221
"Cell386","Cell386","Batch1","Group2",72594.0116868604
"Cell387","Cell387","Batch1","Group2",60265.3942193932
"Cell388","Cell388","Batch1","Group2",61121.2588805354
"Cell389","Cell389","Batch1","Group1",71983.8891354324
"Cell390","Cell390","Batch1","Group1",67009.3764929785
"Cell391","Cell391","Batch1","Group2",48129.9043056016
"Cell392","Cell392","Batch1","Group2",55918.7837687837
"Cell393","Cell393","Batch1","Group2",59174.3180359934
"Cell394","Cell394","Batch1","Group2",44880.5226495378
"Cell395","Cell395","Batch1","Group1",50535.7647409265
"Cell396","Cell396","Batch1","Group1",60064.646223067
"Cell397","Cell397","Batch1","Group1",52973.1186589873
"Cell398","Cell398","Batch1","Group1",56341.0205054942
"Cell399","Cell399","Batch1","Group2",49315.3156545601
"Cell400","Cell400","Batch1","Group2",85354.8737331785
"Cell401","Cell401","Batch1","Group1",52578.2949184985
"Cell402","Cell402","Batch1","Group2",61396.2231509803
"Cell403","Cell403","Batch1","Group2",60229.8567915613
"Cell404","Cell404","Batch1","Group2",60572.2809882734
"Cell405","Cell405","Batch1","Group1",77164.8816129112
"Cell406","Cell406","Batch1","Group2",70680.1225113333
"Cell407","Cell407","Batch1","Group1",67538.7059376362
"Cell408","Cell408","Batch1","Group2",67627.4545860683
"Cell409","Cell409","Batch1","Group2",57767.5340426065
"Cell410","Cell410","Batch1","Group2",70064.0024786657
"Cell411","Cell411","Batch1","Group2",76142.4976949057
"Cell412","Cell412","Batch1","Group2",68028.886664057
"Cell413","Cell413","Batch1","Group2",82698.0150334254
"Cell414","Cell414","Batch1","Group2",64354.5926369541
"Cell415","Cell415","Batch1","Group1",48038.5109937087
"Cell416","Cell416","Batch1","Group2",64505.1231434513
"Cell417","Cell417","Batch1","Group2",51562.091245356
"Cell418","Cell418","Batch1","Group2",71040.7139894623
"Cell419","Cell419","Batch1","Group1",68099.2036996783
"Cell420","Cell420","Batch1","Group2",107333.317587936
"Cell421","Cell421","Batch1","Group1",42977.4635847273
"Cell422","Cell422","Batch1","Group1",45158.6753381865
"Cell423","Cell423","Batch1","Group1",79334.2552289036
"Cell424","Cell424","Batch1","Group1",82388.6905453428
"Cell425","Cell425","Batch1","Group2",49003.3035506415
"Cell426","Cell426","Batch1","Group2",51616.3575839703
"Cell427","Cell427","Batch1","Group2",56498.7348215776
"Cell428","Cell428","Batch1","Group2",70744.3373608447
"Cell429","Cell429","Batch1","Group1",46155.0851288899
"Cell430","Cell430","Batch1","Group1",47730.2621491162
"Cell431","Cell431","Batch1","Group1",40763.3609319173
"Cell432","Cell432","Batch1","Group1",44559.0775188744
"Cell433","Cell433","Batch1","Group2",44870.8648248511
"Cell434","Cell434","Batch1","Group2",72113.5737064507
"Cell435","Cell435","Batch1","Group1",53832.3250602643
"Cell436","Cell436","Batch1","Group1",46321.880681146
"Cell437","Cell437","Batch1","Group2",80861.5263559987
"Cell438","Cell438","Batch1","Group2",75851.593535548
"Cell439","Cell439","Batch1","Group1",59242.3932501854
"Cell440","Cell440","Batch1","Group2",63982.4423154039
"Cell441","Cell441","Batch1","Group2",65177.6255050917
"Cell442","Cell442","Batch1","Group1",92786.8716202321
"Cell443","Cell443","Batch1","Group2",59431.7013550934
"Cell444","Cell444","Batch1","Group2",53654.7033408076
"Cell445","Cell445","Batch1","Group2",64716.7108639738
"Cell446","Cell446","Batch1","Group2",55645.1795153046
"Cell447","Cell447","Batch1","Group2",47315.5880355053
"Cell448","Cell448","Batch1","Group2",74481.0364509525
"Cell449","Cell449","Batch1","Group2",45270.8660682411
"Cell450","Cell450","Batch1","Group2",65318.4910463813
"Cell451","Cell451","Batch1","Group1",53666.0214142076
"Cell452","Cell452","Batch1","Group1",56216.8923204434
"Cell453","Cell453","Batch1","Group2",56453.0466713689
"Cell454","Cell454","Batch1","Group1",71576.9090545498
"Cell455","Cell455","Batch1","Group2",63191.0541582205
"Cell456","Cell456","Batch1","Group2",58372.2510117121
"Cell457","Cell457","Batch1","Group2",83330.3943930944
"Cell458","Cell458","Batch1","Group1",93828.3063296933
"Cell459","Cell459","Batch1","Group2",65800.3277105266
"Cell460","Cell460","Batch1","Group2",65037.4932157793
"Cell461","Cell461","Batch1","Group2",63101.2194261423
"Cell462","Cell462","Batch1","Group1",55053.0791529051
"Cell463","Cell463","Batch1","Group2",46273.9706731181
"Cell464","Cell464","Batch1","Group2",59550.9126068809
"Cell465","Cell465","Batch1","Group2",61772.3075972131
"Cell466","Cell466","Batch1","Group2",60239.9932459502
"Cell467","Cell467","Batch1","Group2",56766.4490840848
"Cell468","Cell468","Batch1","Group1",65338.961625241
"Cell469","Cell469","Batch1","Group2",37204.6312371178
"Cell470","Cell470","Batch1","Group1",44176.2941173234
"Cell471","Cell471","Batch1","Group1",83765.1138063637
"Cell472","Cell472","Batch1","Group1",51466.6204734514
"Cell473","Cell473","Batch1","Group2",67717.2665413448
"Cell474","Cell474","Batch1","Group2",57654.7139084754
"Cell475","Cell475","Batch1","Group1",68562.0994505806
"Cell476","Cell476","Batch1","Group2",54434.0908807569
"Cell477","Cell477","Batch1","Group2",68854.1337215124
"Cell478","Cell478","Batch1","Group1",71948.7240383728
"Cell479","Cell479","Batch1","Group2",72234.3724902966
"Cell480","Cell480","Batch1","Group2",52620.8688158501
"Cell481","Cell481","Batch1","Group1",71969.1055258567
"Cell482","Cell482","Batch1","Group2",44331.3787166524
"Cell483","Cell483","Batch1","Group2",42774.3045003703
"Cell484","Cell484","Batch1","Group1",86852.5258673078
"Cell485","Cell485","Batch1","Group1",61423.021609141
"Cell486","Cell486","Batch1","Group2",68291.0026238392
"Cell487","Cell487","Batch1","Group1",58363.6851423413
"Cell488","Cell488","Batch1","Group2",44763.0235334772
"Cell489","Cell489","Batch1","Group1",55209.8151220677
"Cell490","Cell490","Batch1","Group2",60778.35979964
"Cell491","Cell491","Batch1","Group2",60497.60351199
"Cell492","Cell492","Batch1","Group2",52149.9584937927
"Cell493","Cell493","Batch1","Group1",42739.5282598671
"Cell494","Cell494","Batch1","Group2",55279.8362707743
"Cell495","Cell495","Batch1","Group2",51889.1025425781
"Cell496","Cell496","Batch1","Group2",59264.0765590991
"Cell497","Cell497","Batch1","Group1",71042.7146774412
"Cell498","Cell498","Batch1","Group2",51752.7082322604
"Cell499","Cell499","Batch1","Group2",45970.6005523708
"Cell500","Cell500","Batch1","Group2",75146.1866817438
"Cell501","Cell501","Batch2","Group2",57220.4684980808
"Cell502","Cell502","Batch2","Group2",49046.3498615876
"Cell503","Cell503","Batch2","Group2",63870.9049848108
"Cell504","Cell504","Batch2","Group2",51409.315947755
"Cell505","Cell505","Batch2","Group1",61022.1863219698
"Cell506","Cell506","Batch2","Group1",80945.9429265212
"Cell507","Cell507","Batch2","Group2",63929.7450816119
"Cell508","Cell508","Batch2","Group1",83961.0848338591
"Cell509","Cell509","Batch2","Group2",37042.7666632109
"Cell510","Cell510","Batch2","Group2",70405.3326316858
"Cell511","Cell511","Batch2","Group1",44669.4719805673
"Cell512","Cell512","Batch2","Group1",54901.1921247109
"Cell513","Cell513","Batch2","Group1",66540.9862793441
"Cell514","Cell514","Batch2","Group1",57764.2492045228
"Cell515","Cell515","Batch2","Group2",92110.7938391431
"Cell516","Cell516","Batch2","Group1",58643.247786909
"Cell517","Cell517","Batch2","Group2",54115.7789586577
"Cell518","Cell518","Batch2","Group2",70588.3534234573
"Cell519","Cell519","Batch2","Group1",60447.2715931125
"Cell520","Cell520","Batch2","Group2",66085.5098681322
"Cell521","Cell521","Batch2","Group1",50828.639495555
"Cell522","Cell522","Batch2","Group2",89283.3726361135
"Cell523","Cell523","Batch2","Group2",65792.6498605734
"Cell524","Cell524","Batch2","Group2",65861.0867594106
"Cell525","Cell525","Batch2","Group2",69743.7447816787
"Cell526","Cell526","Batch2","Group1",60013.4767229112
"Cell527","Cell527","Batch2","Group2",92706.8668436585
"Cell528","Cell528","Batch2","Group2",54243.5032174236
"Cell529","Cell529","Batch2","Group2",68758.951423087
"Cell530","Cell530","Batch2","Group1",54486.4958596933
"Cell531","Cell531","Batch2","Group1",48556.9417082535
"Cell532","Cell532","Batch2","Group2",59487.7211938156
"Cell533","Cell533","Batch2","Group2",66926.3261940539
"Cell534","Cell534","Batch2","Group1",63673.0282329905
"Cell535","Cell535","Batch2","Group1",63030.1126250746
"Cell536","Cell536","Batch2","Group2",53439.7611463805
"Cell537","Cell537","Batch2","Group1",75302.3928444859
"Cell538","Cell538","Batch2","Group1",48163.7829153161
"Cell539","Cell539","Batch2","Group1",79452.6547354822
"Cell540","Cell540","Batch2","Group2",65190.009729739
"Cell541","Cell541","Batch2","Group1",45485.5885384902
"Cell542","Cell542","Batch2","Group2",61692.773607146
"Cell543","Cell543","Batch2","Group1",61036.8469782773
"Cell544","Cell544","Batch2","Group2",54097.0900988436
"Cell545","Cell545","Batch2","Group2",89708.5270820971
"Cell546","Cell546","Batch2","Group1",69584.3241620676
"Cell547","Cell547","Batch2","Group2",72065.7652145016
"Cell548","Cell548","Batch2","Group1",57445.803347109
"Cell549","Cell549","Batch2","Group2",77535.0231919826
"Cell550","Cell550","Batch2","Group2",54017.5294974793
"Cell551","Cell551","Batch2","Group2",56259.0526421797
"Cell552","Cell552","Batch2","Group1",48731.7116432721
"Cell553","Cell553","Batch2","Group2",52999.9064120653
"Cell554","Cell554","Batch2","Group2",54771.0178531383
"Cell555","Cell555","Batch2","Group2",50633.1547024906
"Cell556","Cell556","Batch2","Group1",51328.0006511611
"Cell557","Cell557","Batch2","Group1",55227.8543784194
"Cell558","Cell558","Batch2","Group2",52690.7668349962
"Cell559","Cell559","Batch2","Group1",69133.6333210337
"Cell560","Cell560","Batch2","Group2",72811.5375683738
"Cell561","Cell561","Batch2","Group2",38726.9492452031
"Cell562","Cell562","Batch2","Group2",79419.5812385598
"Cell563","Cell563","Batch2","Group1",64717.8200111707
"Cell564","Cell564","Batch2","Group1",55093.7389644364
"Cell565","Cell565","Batch2","Group2",62609.089645394
"Cell566","Cell566","Batch2","Group1",60616.3229157764
"Cell567","Cell567","Batch2","Group2",51856.0003356968
"Cell568","Cell568","Batch2","Group1",65884.3421296579
"Cell569","Cell569","Batch2","Group2",46232.792402145
"Cell570","Cell570","Batch2","Group2",51473.7151963981
"Cell571","Cell571","Batch2","Group2",66041.3665748285
"Cell572","Cell572","Batch2","Group2",86287.5125785785
"Cell573","Cell573","Batch2","Group2",89121.53682103
"Cell574","Cell574","Batch2","Group1",50916.5330072261
"Cell575","Cell575","Batch2","Group1",43411.4931085495
"Cell576","Cell576","Batch2","Group2",82873.8897705875
"Cell577","Cell577","Batch2","Group1",46315.3428389947
"Cell578","Cell578","Batch2","Group2",57645.7769225988
"Cell579","Cell579","Batch2","Group1",89642.8671791494
"Cell580","Cell580","Batch2","Group1",59869.0139170027
"Cell581","Cell581","Batch2","Group1",78014.854904712
"Cell582","Cell582","Batch2","Group2",53442.4339441336
"Cell583","Cell583","Batch2","Group2",42904.3198383251
"Cell584","Cell584","Batch2","Group2",54484.8961989098
"Cell585","Cell585","Batch2","Group2",65995.1593796676
"Cell586","Cell586","Batch2","Group1",65862.4549780514
"Cell587","Cell587","Batch2","Group2",44767.9829232746
"Cell588","Cell588","Batch2","Group1",77554.1969160048
"Cell589","Cell589","Batch2","Group1",50418.3815601412
"Cell590","Cell590","Batch2","Group2",60159.3140325082
"Cell591","Cell591","Batch2","Group2",41286.0618095809
"Cell592","Cell592","Batch2","Group2",59379.8545286145
"Cell593","Cell593","Batch2","Group2",65261.9329896719
"Cell594","Cell594","Batch2","Group2",80991.9432672648
"Cell595","Cell595","Batch2","Group2",49661.7891951774
"Cell596","Cell596","Batch2","Group2",57531.9149777995
"Cell597","Cell597","Batch2","Group2",84115.1080817202
"Cell598","Cell598","Batch2","Group2",67134.6623368513
"Cell599","Cell599","Batch2","Group2",70106.1976861253
"Cell600","Cell600","Batch2","Group2",66118.0725255911
"Cell601","Cell601","Batch2","Group2",62270.491443925
"Cell602","Cell602","Batch2","Group2",70627.6906109151
"Cell603","Cell603","Batch2","Group1",83449.5502811731
"Cell604","Cell604","Batch2","Group2",54751.7309060524
"Cell605","Cell605","Batch2","Group1",80413.9649106243
"Cell606","Cell606","Batch2","Group1",49781.1166996976
"Cell607","Cell607","Batch2","Group2",43031.0892890257
"Cell608","Cell608","Batch2","Group2",59167.0048682631
"Cell609","Cell609","Batch2","Group2",51782.2598971289
"Cell610","Cell610","Batch2","Group2",38083.3555178386
"Cell611","Cell611","Batch2","Group2",74101.2483638532
"Cell612","Cell612","Batch2","Group2",64444.6407418569
"Cell613","Cell613","Batch2","Group2",81601.2740874807
"Cell614","Cell614","Batch2","Group2",52967.0961446897
"Cell615","Cell615","Batch2","Group2",68990.3952719896
"Cell616","Cell616","Batch2","Group2",56860.9193724683
"Cell617","Cell617","Batch2","Group2",47465.5333431964
"Cell618","Cell618","Batch2","Group2",68952.4529877546
"Cell619","Cell619","Batch2","Group2",46237.2612432378
"Cell620","Cell620","Batch2","Group1",79024.1880974479
"Cell621","Cell621","Batch2","Group2",55637.430738872
"Cell622","Cell622","Batch2","Group1",37228.000326804
"Cell623","Cell623","Batch2","Group2",57427.8571022361
"Cell624","Cell624","Batch2","Group2",50616.4874089717
"Cell625","Cell625","Batch2","Group1",71638.1407020873
"Cell626","Cell626","Batch2","Group2",84476.524644346
"Cell627","Cell627","Batch2","Group2",71175.5355968629
"Cell628","Cell628","Batch2","Group2",53908.7261288654
"Cell629","Cell629","Batch2","Group2",46291.1033925903
"Cell630","Cell630","Batch2","Group2",56893.9675509472
"Cell631","Cell631","Batch2","Group2",49219.393674132
"Cell632","Cell632","Batch2","Group2",74421.0384840447
"Cell633","Cell633","Batch2","Group1",50160.0776772724
"Cell634","Cell634","Batch2","Group2",58873.1567657965
"Cell635","Cell635","Batch2","Group2",64396.479991763
"Cell636","Cell636","Batch2","Group2",58245.8984496263
"Cell637","Cell637","Batch2","Group1",64237.736541439
"Cell638","Cell638","Batch2","Group2",68394.7835909472
"Cell639","Cell639","Batch2","Group2",60280.4498851394
"Cell640","Cell640","Batch2","Group1",64818.954621916
"Cell641","Cell641","Batch2","Group2",63563.5788255772
"Cell642","Cell642","Batch2","Group2",88121.6573942655
"Cell643","Cell643","Batch2","Group2",77032.8256707709
"Cell644","Cell644","Batch2","Group1",80755.1249616334
"Cell645","Cell645","Batch2","Group1",61382.1589880356
"Cell646","Cell646","Batch2","Group2",70425.2581174187
"Cell647","Cell647","Batch2","Group2",55868.8094498605
"Cell648","Cell648","Batch2","Group2",99169.1512017373
"Cell649","Cell649","Batch2","Group2",41234.0442709335
"Cell650","Cell650","Batch2","Group2",67090.1871220022
"Cell651","Cell651","Batch2","Group1",42988.866720416
"Cell652","Cell652","Batch2","Group1",72191.1952247931
"Cell653","Cell653","Batch2","Group2",63660.59885349
"Cell654","Cell654","Batch2","Group2",48278.8440045393
"Cell655","Cell655","Batch2","Group2",40306.4511749658
"Cell656","Cell656","Batch2","Group2",60266.6817759879
"Cell657","Cell657","Batch2","Group1",60642.03098391
"Cell658","Cell658","Batch2","Group1",69299.0606558127
"Cell659","Cell659","Batch2","Group2",46761.1130363238
"Cell660","Cell660","Batch2","Group2",75707.7004732293
"Cell661","Cell661","Batch2","Group1",75136.3583410925
"Cell662","Cell662","Batch2","Group1",56480.076875677
"Cell663","Cell663","Batch2","Group2",58296.8641733175
"Cell664","Cell664","Batch2","Group2",60708.1858558333
"Cell665","Cell665","Batch2","Group2",52136.7992750932
"Cell666","Cell666","Batch2","Group1",59495.6070441525
"Cell667","Cell667","Batch2","Group1",35897.6261896381
"Cell668","Cell668","Batch2","Group2",43629.6463926847
"Cell669","Cell669","Batch2","Group2",71931.125525495
"Cell670","Cell670","Batch2","Group2",76309.1948038515
"Cell671","Cell671","Batch2","Group2",40632.1262946015
"Cell672","Cell672","Batch2","Group2",59714.7321551299
"Cell673","Cell673","Batch2","Group1",58317.5490571627
"Cell674","Cell674","Batch2","Group2",56153.7158967749
"Cell675","Cell675","Batch2","Group2",46571.8427957262
"Cell676","Cell676","Batch2","Group2",88298.8064352164
"Cell677","Cell677","Batch2","Group1",79080.5367920168
"Cell678","Cell678","Batch2","Group2",62002.4387074098
"Cell679","Cell679","Batch2","Group2",56937.6852814268
"Cell680","Cell680","Batch2","Group1",86002.3140031245
"Cell681","Cell681","Batch2","Group1",66347.1456251242
"Cell682","Cell682","Batch2","Group1",53047.3990900697
"Cell683","Cell683","Batch2","Group2",51933.5342945057
"Cell684","Cell684","Batch2","Group2",65139.9332736885
"Cell685","Cell685","Batch2","Group2",53747.6064754158
"Cell686","Cell686","Batch2","Group2",45935.9074391886
"Cell687","Cell687","Batch2","Group1",65948.0695569791
"Cell688","Cell688","Batch2","Group2",70133.4075962613
"Cell689","Cell689","Batch2","Group2",58470.5675461963
"Cell690","Cell690","Batch2","Group1",73430.8233483334
"Cell691","Cell691","Batch2","Group1",60195.8472509154
"Cell692","Cell692","Batch2","Group1",52982.4941204718
"Cell693","Cell693","Batch2","Group2",69856.009835882
"Cell694","Cell694","Batch2","Group1",65015.3348037157
"Cell695","Cell695","Batch2","Group2",47278.7848028895
"Cell696","Cell696","Batch2","Group2",58963.0955579571
"Cell697","Cell697","Batch2","Group2",53955.1503414519
"Cell698","Cell698","Batch2","Group2",56706.1732149786
"Cell699","Cell699","Batch2","Group2",65226.2816402152
"Cell700","Cell700","Batch2","Group2",63366.8985232107
"Cell701","Cell701","Batch2","Group2",60279.6192510782
"Cell702","Cell702","Batch2","Group2",64132.1797774841
"Cell703","Cell703","Batch2","Group2",55054.401124371
"Cell704","Cell704","Batch2","Group2",69746.6151466512
"Cell705","Cell705","Batch2","Group2",56347.2633260479
"Cell706","Cell706","Batch2","Group2",49546.2629354225
"Cell707","Cell707","Batch2","Group1",44461.7655273509
"Cell708","Cell708","Batch2","Group2",54759.0777724512
"Cell709","Cell709","Batch2","Group2",46137.3729995121
"Cell710","Cell710","Batch2","Group2",60061.2444177194
"Cell711","Cell711","Batch2","Group2",52995.2158199584
"Cell712","Cell712","Batch2","Group2",43881.7806070103
"Cell713","Cell713","Batch2","Group1",56698.9058224182
"Cell714","Cell714","Batch2","Group2",70290.7131237184
"Cell715","Cell715","Batch2","Group2",66468.1534630862
"Cell716","Cell716","Batch2","Group2",63664.1983402735
"Cell717","Cell717","Batch2","Group1",58917.5034365477
"Cell718","Cell718","Batch2","Group2",70877.7504085132
"Cell719","Cell719","Batch2","Group1",59721.8950773889
"Cell720","Cell720","Batch2","Group2",79645.2252136078
"Cell721","Cell721","Batch2","Group2",95668.7572813549
"Cell722","Cell722","Batch2","Group2",71671.3108002727
"Cell723","Cell723","Batch2","Group2",66733.7735892263
"Cell724","Cell724","Batch2","Group1",48088.2866605307
"Cell725","Cell725","Batch2","Group2",44432.1070862668
"Cell726","Cell726","Batch2","Group1",43497.3280595016
"Cell727","Cell727","Batch2","Group2",45567.0087025088
"Cell728","Cell728","Batch2","Group2",68316.9566865831
"Cell729","Cell729","Batch2","Group2",85432.2132049165
"Cell730","Cell730","Batch2","Group1",53284.768413669
"Cell731","Cell731","Batch2","Group2",54414.6514652051
"Cell732","Cell732","Batch2","Group1",64543.7291900834
"Cell733","Cell733","Batch2","Group2",64982.2292184569
"Cell734","Cell734","Batch2","Group2",64314.0725471183
"Cell735","Cell735","Batch2","Group1",66039.0614719471
"Cell736","Cell736","Batch2","Group2",45002.7651833351
"Cell737","Cell737","Batch2","Group2",51803.3687884749
"Cell738","Cell738","Batch2","Group2",73131.5126607273
"Cell739","Cell739","Batch2","Group1",57861.8274644589
"Cell740","Cell740","Batch2","Group1",39041.0548682389
"Cell741","Cell741","Batch2","Group2",53048.7576122891
"Cell742","Cell742","Batch2","Group1",87223.6842878218
"Cell743","Cell743","Batch2","Group2",50755.9479128866
"Cell744","Cell744","Batch2","Group1",72281.0693458635
"Cell745","Cell745","Batch2","Group2",53251.1862568327
"Cell746","Cell746","Batch2","Group2",64300.0679682984
"Cell747","Cell747","Batch2","Group2",75587.7068556689
"Cell748","Cell748","Batch2","Group2",61289.2427802491
"Cell749","Cell749","Batch2","Group2",48145.3587616941
"Cell750","Cell750","Batch2","Group2",53490.1582587779
"Cell751","Cell751","Batch2","Group1",46534.7975319464
"Cell752","Cell752","Batch2","Group1",56226.0608327017
"Cell753","Cell753","Batch2","Group2",77199.9008710252
"Cell754","Cell754","Batch2","Group2",60630.5526559584
"Cell755","Cell755","Batch2","Group2",58583.4524686192
"Cell756","Cell756","Batch2","Group2",53298.9874657772
"Cell757","Cell757","Batch2","Group2",67840.0076009062
"Cell758","Cell758","Batch2","Group2",89455.6582882766
"Cell759","Cell759","Batch2","Group1",78069.2213656332
"Cell760","Cell760","Batch2","Group2",52796.6885769166
"Cell761","Cell761","Batch2","Group2",68030.079691417
"Cell762","Cell762","Batch2","Group2",70189.2945051458
"Cell763","Cell763","Batch2","Group2",67437.0218015464
"Cell764","Cell764","Batch2","Group2",73270.0381392363
"Cell765","Cell765","Batch2","Group2",45285.7336599052
"Cell766","Cell766","Batch2","Group1",39037.0200997033
"Cell767","Cell767","Batch2","Group2",99145.9757384318
"Cell768","Cell768","Batch2","Group2",63865.3604108886
"Cell769","Cell769","Batch2","Group2",39558.5893139402
"Cell770","Cell770","Batch2","Group2",60948.1565397499
"Cell771","Cell771","Batch2","Group2",40516.4957912499
"Cell772","Cell772","Batch2","Group2",48141.5463001927
"Cell773","Cell773","Batch2","Group1",50836.8872067171
"Cell774","Cell774","Batch2","Group1",61006.0410387431
"Cell775","Cell775","Batch2","Group2",61560.159436731
"Cell776","Cell776","Batch2","Group2",65277.5049859663
"Cell777","Cell777","Batch2","Group1",39938.760390278
"Cell778","Cell778","Batch2","Group2",57317.5063228622
"Cell779","Cell779","Batch2","Group1",46747.9934916321
"Cell780","Cell780","Batch2","Group2",55054.7130352428
"Cell781","Cell781","Batch2","Group1",40293.8271420851
"Cell782","Cell782","Batch2","Group2",52190.6239025947
"Cell783","Cell783","Batch2","Group1",48958.3267352357
"Cell784","Cell784","Batch2","Group2",68304.8980920435
"Cell785","Cell785","Batch2","Group2",53295.4970117312
"Cell786","Cell786","Batch2","Group2",70177.3999145253
"Cell787","Cell787","Batch2","Group1",54491.7442993879
"Cell788","Cell788","Batch2","Group2",60021.3467309219
"Cell789","Cell789","Batch2","Group2",65235.8121512752
"Cell790","Cell790","Batch2","Group2",79445.5309961811
"Cell791","Cell791","Batch2","Group2",62003.1742176624
"Cell792","Cell792","Batch2","Group1",45055.1444367947
"Cell793","Cell793","Batch2","Group1",52722.0754242917
"Cell794","Cell794","Batch2","Group2",58054.0383482585
"Cell795","Cell795","Batch2","Group2",60206.4425268803
"Cell796","Cell796","Batch2","Group2",48649.249143551
"Cell797","Cell797","Batch2","Group2",60755.9179424956
"Cell798","Cell798","Batch2","Group2",83206.4405482569
"Cell799","Cell799","Batch2","Group2",54858.8965996578
"Cell800","Cell800","Batch2","Group2",56541.6382946091
"Cell801","Cell801","Batch2","Group2",42438.3128817462
"Cell802","Cell802","Batch2","Group1",46114.5610956684
"Cell803","Cell803","Batch2","Group2",71655.608796258
"Cell804","Cell804","Batch2","Group2",69611.5446588638
"Cell805","Cell805","Batch2","Group2",58256.864768146
"Cell806","Cell806","Batch2","Group2",62852.9419724519
"Cell807","Cell807","Batch2","Group2",58271.4380384577
"Cell808","Cell808","Batch2","Group2",63032.8589781384
"Cell809","Cell809","Batch2","Group2",69031.6381848232
"Cell810","Cell810","Batch2","Group2",70789.0513706898
"Cell811","Cell811","Batch2","Group2",61566.0827676452
"Cell812","Cell812","Batch2","Group2",60016.0712917643
"Cell813","Cell813","Batch2","Group2",94209.0739428665
"Cell814","Cell814","Batch2","Group1",52622.1645463437
"Cell815","Cell815","Batch2","Group2",38385.3088995802
"Cell816","Cell816","Batch2","Group2",61688.9219642692
"Cell817","Cell817","Batch2","Group1",65797.2401372039
"Cell818","Cell818","Batch2","Group2",52386.8899385783
"Cell819","Cell819","Batch2","Group1",79149.928432534
"Cell820","Cell820","Batch2","Group2",51960.2788155578
"Cell821","Cell821","Batch2","Group2",82246.1360098879
"Cell822","Cell822","Batch2","Group2",63520.1914846681
"Cell823","Cell823","Batch2","Group1",53114.0153612764
"Cell824","Cell824","Batch2","Group2",63878.4113870315
"Cell825","Cell825","Batch2","Group1",61662.8490035339
"Cell826","Cell826","Batch2","Group2",47671.1579594491
"Cell827","Cell827","Batch2","Group2",56087.3506070891
"Cell828","Cell828","Batch2","Group2",59959.3269441205
"Cell829","Cell829","Batch2","Group2",49635.2584919297
"Cell830","Cell830","Batch2","Group1",60733.060052467
"Cell831","Cell831","Batch2","Group2",73861.2865244789
"Cell832","Cell832","Batch2","Group2",48413.4230599258
"Cell833","Cell833","Batch2","Group1",57257.0498916673
"Cell834","Cell834","Batch2","Group2",55002.324178259
"Cell835","Cell835","Batch2","Group2",48399.478933776
"Cell836","Cell836","Batch2","Group2",64683.1243656553
"Cell837","Cell837","Batch2","Group1",55670.1574008598
"Cell838","Cell838","Batch2","Group2",65588.7739425216
"Cell839","Cell839","Batch2","Group1",71131.2802588101
"Cell840","Cell840","Batch2","Group1",51649.2902143424
"Cell841","Cell841","Batch2","Group2",69646.9089822241
"Cell842","Cell842","Batch2","Group2",59271.1974417046
"Cell843","Cell843","Batch2","Group2",66132.2657157518
"Cell844","Cell844","Batch2","Group2",70677.3010709391
"Cell845","Cell845","Batch2","Group1",61154.9100397076
"Cell846","Cell846","Batch2","Group2",60812.6831178553
"Cell847","Cell847","Batch2","Group2",64958.5857090635
"Cell848","Cell848","Batch2","Group2",42444.1989295957
"Cell849","Cell849","Batch2","Group2",42814.3866977147
"Cell850","Cell850","Batch2","Group1",50675.0966292103
"Cell851","Cell851","Batch2","Group2",59748.039883899
"Cell852","Cell852","Batch2","Group2",43150.2396651247
"Cell853","Cell853","Batch2","Group1",66022.5679518404
"Cell854","Cell854","Batch2","Group1",78102.474636577
"Cell855","Cell855","Batch2","Group2",45635.1267673007
"Cell856","Cell856","Batch2","Group2",82052.3245820809
"Cell857","Cell857","Batch2","Group1",48873.5640178068
"Cell858","Cell858","Batch2","Group2",65914.0720781932
"Cell859","Cell859","Batch2","Group2",49780.2720882159
"Cell860","Cell860","Batch2","Group2",46204.1865768167
"Cell861","Cell861","Batch2","Group2",55794.4925487388
"Cell862","Cell862","Batch2","Group1",54423.3111712804
"Cell863","Cell863","Batch2","Group2",66647.8952379156
"Cell864","Cell864","Batch2","Group2",52397.7985016544
"Cell865","Cell865","Batch2","Group2",51426.6428372439
"Cell866","Cell866","Batch2","Group2",66713.5810421576
"Cell867","Cell867","Batch2","Group1",74418.1294053165
"Cell868","Cell868","Batch2","Group2",57744.2278254363
"Cell869","Cell869","Batch2","Group1",61488.3757438323
"Cell870","Cell870","Batch2","Group2",59761.5393726979
"Cell871","Cell871","Batch2","Group2",46188.2235671697
"Cell872","Cell872","Batch2","Group2",58287.0462562797
"Cell873","Cell873","Batch2","Group2",63293.9235599868
"Cell874","Cell874","Batch2","Group2",41837.3775716617
"Cell875","Cell875","Batch2","Group2",54221.9953764498
"Cell876","Cell876","Batch2","Group1",66636.9735597872
"Cell877","Cell877","Batch2","Group2",47637.9182150165
"Cell878","Cell878","Batch2","Group2",55585.7914715078
"Cell879","Cell879","Batch2","Group2",62894.6022829934
"Cell880","Cell880","Batch2","Group1",80802.9909864771
"Cell881","Cell881","Batch2","Group2",61321.8759899436
"Cell882","Cell882","Batch2","Group1",54836.7630614218
"Cell883","Cell883","Batch2","Group1",64003.2609759879
"Cell884","Cell884","Batch2","Group2",68315.3636826491
"Cell885","Cell885","Batch2","Group1",56345.0408026453
"Cell886","Cell886","Batch2","Group1",54282.4830463675
"Cell887","Cell887","Batch2","Group1",54435.6369001343
"Cell888","Cell888","Batch2","Group2",58305.7186738436
"Cell889","Cell889","Batch2","Group2",50584.8990621487
"Cell890","Cell890","Batch2","Group2",47960.0793905572
"Cell891","Cell891","Batch2","Group2",61173.107371228
"Cell892","Cell892","Batch2","Group1",51538.8819053235
"Cell893","Cell893","Batch2","Group1",60384.353678398
"Cell894","Cell894","Batch2","Group2",67010.6438158181
"Cell895","Cell895","Batch2","Group1",67733.8228315331
"Cell896","Cell896","Batch2","Group2",69238.7130083777
"Cell897","Cell897","Batch2","Group1",44883.2187458059
"Cell898","Cell898","Batch2","Group1",45640.6680138416
"Cell899","Cell899","Batch2","Group1",55785.7230674124
"Cell900","Cell900","Batch2","Group2",82018.8996918897
"Cell901","Cell901","Batch2","Group2",47239.9721862
"Cell902","Cell902","Batch2","Group2",54635.408567753
"Cell903","Cell903","Batch2","Group1",84981.2060902771
"Cell904","Cell904","Batch2","Group2",65225.3547290504
"Cell905","Cell905","Batch2","Group2",32614.5861445434
"Cell906","Cell906","Batch2","Group2",68313.3834239318
"Cell907","Cell907","Batch2","Group1",60662.9539139912
"Cell908","Cell908","Batch2","Group2",45391.3807408656
"Cell909","Cell909","Batch2","Group1",55908.744559621
"Cell910","Cell910","Batch2","Group1",66659.3955229601
"Cell911","Cell911","Batch2","Group1",90262.7372160883
"Cell912","Cell912","Batch2","Group2",64019.8401769244
"Cell913","Cell913","Batch2","Group2",41155.6398798964
"Cell914","Cell914","Batch2","Group2",64323.3723988242
"Cell915","Cell915","Batch2","Group2",52911.034256813
"Cell916","Cell916","Batch2","Group2",58951.3241182084
"Cell917","Cell917","Batch2","Group2",58484.3713081524
"Cell918","Cell918","Batch2","Group2",75449.1375740161
"Cell919","Cell919","Batch2","Group2",58469.3939060884
"Cell920","Cell920","Batch2","Group2",59547.9039349569
"Cell921","Cell921","Batch2","Group1",58721.6108098132
"Cell922","Cell922","Batch2","Group2",63730.2426975437
"Cell923","Cell923","Batch2","Group2",56887.9446157587
"Cell924","Cell924","Batch2","Group1",48213.6137817477
"Cell925","Cell925","Batch2","Group2",67321.947492066
"Cell926","Cell926","Batch2","Group2",76454.452337696
"Cell927","Cell927","Batch2","Group2",55633.5849794351
"Cell928","Cell928","Batch2","Group2",79091.0246190856
"Cell929","Cell929","Batch2","Group2",66148.2727692921
"Cell930","Cell930","Batch2","Group2",48139.470585187
"Cell931","Cell931","Batch2","Group2",63779.7253329582
"Cell932","Cell932","Batch2","Group2",55641.4477850468
"Cell933","Cell933","Batch2","Group1",77924.1224060874
"Cell934","Cell934","Batch2","Group2",59901.6893031154
"Cell935","Cell935","Batch2","Group1",59957.4681804745
"Cell936","Cell936","Batch2","Group1",42339.1154114759
"Cell937","Cell937","Batch2","Group1",51593.6081402127
"Cell938","Cell938","Batch2","Group1",80701.0818229431
"Cell939","Cell939","Batch2","Group1",74366.9878223682
"Cell940","Cell940","Batch2","Group2",66698.1649109619
"Cell941","Cell941","Batch2","Group1",49021.8382886404
"Cell942","Cell942","Batch2","Group2",54927.6725630944
"Cell943","Cell943","Batch2","Group2",49943.3889695876
"Cell944","Cell944","Batch2","Group2",75606.1781261567
"Cell945","Cell945","Batch2","Group2",49986.6226000387
"Cell946","Cell946","Batch2","Group2",49511.2248908032
"Cell947","Cell947","Batch2","Group2",54650.2883766529
"Cell948","Cell948","Batch2","Group2",55712.3905152144
"Cell949","Cell949","Batch2","Group1",69962.7633165008
"Cell950","Cell950","Batch2","Group1",94070.8628306019
